{"total_revenue": 100931381.07118523, "revenue_per_region": {"France": 10821922.662999846, "United States": 19544696.447006434, "India": 11385831.052000474, "United Kingdom": 19561127.389006596, "China": 4241455.853999515, "Germany": 10019288.734999716, "Canada": 9643634.691999381, "Italy": 5224997.234999401, "Japan": 5169164.506999511, "Russia": 5319335.296999381}, "file_name": "2015"}