{"total_revenue": 140872063.71099207, "revenue_per_region": {"United States": 28878631.847016364, "Japan": 6730870.168999202, "United Kingdom": 27723588.535016984, "Germany": 14399815.717001403, "India": 14213984.29600192, "Russia": 7086879.202999175, "Italy": 6520425.737999279, "France": 14043002.610001292, "China": 6984473.980999271, "Canada": 14290551.205001337}, "file_name": "2016"}