{"total_revenue": 173021955.56304958, "revenue_per_region": {"United States": 35094080.166027166, "Canada": 18211438.290004134, "United Kingdom": 33370590.87602406, "France": 16720253.375002239, "Russia": 7901301.0779989995, "India": 18079282.6180034, "Italy": 9583927.36199927, "Japan": 8119257.738998877, "Germany": 16608552.549003039, "China": 9333370.640999394}, "file_name": "2017"}