{"total_revenue": 171973449.57599473, "revenue_per_region": {"United Kingdom": 33464111.12402466, "United States": 33657861.764024295, "France": 17372153.337003946, "Italy": 8606626.79799899, "Canada": 18370145.625004184, "Russia": 7418171.063999006, "Japan": 9154115.25899952, "India": 17115591.88300295, "Germany": 17398145.32000348, "China": 9416598.43299961}, "file_name": "2018"}