{"total_revenue": 213735668.72768703, "revenue_per_region": {"France": 20725995.790007524, "United States": 41023022.92804899, "United Kingdom": 43590661.56405452, "Japan": 10615354.157999871, "Russia": 10054141.968999932, "Italy": 11391140.29800014, "India": 22577570.086008035, "China": 11764773.488000493, "Germany": 20896867.42500735, "Canada": 21096207.944008198}, "file_name": "2019"}