{"total_revenue": 231800841.30282244, "revenue_per_region": {"Germany": 24582799.00801236, "United Kingdom": 45250827.75606929, "Japan": 11202440.23200047, "France": 23329606.563009474, "United States": 46250524.77707123, "India": 23077516.44701007, "Canada": 24512365.67101356, "Italy": 11746090.96800023, "Russia": 10673448.445000062, "China": 11175340.789000316}, "file_name": "2020"}