{"total_revenue": 197074750.31318656, "revenue_per_region": {"United States": 39108195.185044914, "Japan": 9931757.245999789, "United Kingdom": 40909991.111047946, "Germany": 19417445.728004582, "Italy": 8828548.465999223, "France": 19571894.837006114, "Russia": 9881576.997999663, "Canada": 20398459.210007098, "China": 10343803.14899968, "India": 18683168.435006153}, "file_name": "2021"}